{
  "mutations": "/scratch/ucgd/lustre-work/quinlan/data-shared/constraint-tools/gnomad/v3/variants/gnomad_v3.sorted.tsv.gz",
  "genome": "/scratch/ucgd/lustre-work/quinlan/data-shared/constraint-tools/reference/grch38/hg38.analysisSet.fa.gz",
  "build": "hg38",
  "regionsTrain": "/scratch/ucgd/lustre-work/quinlan/data-shared/constraint-tools/work-train-germline-model-Nonly-production.kmerSize-1.trainSet-noncoding/regions-train.filtered.bed",
  "kmerSize": 1,
  "numberChromosomesMin": 130000,
  "maxRegionTrainLength": 100000,
  "kmerCounts": {
    "A": {
      "CpG": false,
      "count": 718985284,
      "REF": "A",
      "ALTStateCounts": {
        "{C}": 18256493,
        "{G}": 67605076,
        "{T}": 16414428,
        "{C,G}": 2295405,
        "{C,T}": 625209,
        "{G,T}": 2331550,
        "{C,G,T}": 118450
      }
    },
    "C": {
      "CpG": false,
      "count": 492382702,
      "REF": "C",
      "ALTStateCounts": {
        "{A}": 19823904,
        "{G}": 18914501,
        "{T}": 73184703,
        "{A,G}": 1324578,
        "{A,T}": 5431849,
        "{G,T}": 4634437,
        "{A,G,T}": 566851
      }
    },
    "G": {
      "CpG": false,
      "count": 492614453,
      "REF": "G",
      "ALTStateCounts": {
        "{A}": 73246163,
        "{C}": 18871844,
        "{T}": 19873589,
        "{A,C}": 4621077,
        "{A,T}": 5453513,
        "{C,T}": 1326665,
        "{A,C,T}": 568980
      }
    },
    "T": {
      "CpG": false,
      "count": 719852935,
      "REF": "T",
      "ALTStateCounts": {
        "{A}": 16422236,
        "{C}": 67386428,
        "{G}": 18294963,
        "{A,C}": 2316350,
        "{A,G}": 627077,
        "{C,G}": 2287296,
        "{A,C,G}": 118730
      }
    }
  },
  "kmerProbabilities": {
    "A": {
      "{C}": 0.025403450865659833,
      "{G}": 0.09381979309238796,
      "{T}": 0.022821651222763355,
      "{C,G}": 0.003185000884383653,
      "{C,T}": 0.0008703452434495,
      "{G,T}": 0.003230314526417233,
      "{C,G,T}": 0.00016484132605599074
    },
    "C": {
      "{A}": 0.0403021397559265,
      "{G}": 0.03836188237518311,
      "{T}": 0.1486612070468366,
      "{A,G}": 0.0026916250331707812,
      "{A,T}": 0.011051160853352922,
      "{G,T}": 0.00939648805381575,
      "{A,G,T}": 0.0011531312493993954
    },
    "G": {
      "{A}": 0.1486612070468366,
      "{C}": 0.03836188237518311,
      "{T}": 0.0403021397559265,
      "{A,C}": 0.00939648805381575,
      "{A,T}": 0.011051160853352922,
      "{C,T}": 0.0026916250331707812,
      "{A,C,T}": 0.0011531312493993954
    },
    "T": {
      "{A}": 0.022821651222763355,
      "{C}": 0.09381979309238796,
      "{G}": 0.025403450865659833,
      "{A,C}": 0.003230314526417233,
      "{A,G}": 0.0008703452434495,
      "{C,G}": 0.003185000884383653,
      "{A,C,G}": 0.00016484132605599074
    }
  }
}